<?xml version="1.0" encoding="UTF-8"?>
<project-private xmlns="http://www.netbeans.org/ns/project-private/1">
    <editor-bookmarks xmlns="http://www.netbeans.org/ns/editor-bookmarks/2" lastBookmarkId="0"/>
    <open-files xmlns="http://www.netbeans.org/ns/projectui-open-files/2">
        <group>
            <file>file:/home/student/NetBeansProjects/Hall_management_centre/web/index.jsp</file>
            <file>file:/home/student/NetBeansProjects/Hall_management_centre/web/StudentPortal/Paymentpage.jsp</file>
            <file>file:/home/student/NetBeansProjects/Hall_management_centre/web/ManagerPortal/insertw.jsp</file>
            <file>file:/home/student/NetBeansProjects/Hall_management_centre/web/WardenPortal/responsepage.jsp</file>
            <file>file:/home/student/NetBeansProjects/Hall_management_centre/web/ManagerPortal/Management.jsp</file>
            <file>file:/home/student/NetBeansProjects/Hall_management_centre/web/StudentPortal/Complaintpage.jsp</file>
            <file>file:/home/student/NetBeansProjects/Hall_management_centre/web/WardenPortal/manageemployee.jsp</file>
            <file>file:/home/student/NetBeansProjects/Hall_management_centre/src/java/Signup/Managersignupservlet.java</file>
            <file>file:/home/student/NetBeansProjects/Hall_management_centre/web/ChairmanPortal/Complaints.jsp</file>
            <file>file:/home/student/NetBeansProjects/Hall_management_centre/src/java/Wardenportal/Delstudent.java</file>
            <file>file:/home/student/NetBeansProjects/Hall_management_centre/web/WardenPortal/deleteem.jsp</file>
            <file>file:/home/student/NetBeansProjects/Hall_management_centre/web/WardenPortal/solvecomplaint.jsp</file>
            <file>file:/home/student/NetBeansProjects/Hall_management_centre/web/ChairmanPortal/updatestudentfee.jsp</file>
            <file>file:/home/student/NetBeansProjects/Hall_management_centre/src/java/Login/logout.java</file>
            <file>file:/home/student/NetBeansProjects/Hall_management_centre/web/ChairmanPortal/Finantialpage.jsp</file>
            <file>file:/home/student/NetBeansProjects/Hall_management_centre/web/ChairmanPortal/viewreports.jsp</file>
            <file>file:/home/student/NetBeansProjects/Hall_management_centre/web/WardenPortal/Wardenportal.jsp</file>
            <file>file:/home/student/NetBeansProjects/Hall_management_centre/web/ChairmanPortal/updatefee.jsp</file>
            <file>file:/home/student/NetBeansProjects/Hall_management_centre/web/WardenPortal/employee.jsp</file>
            <file>file:/home/student/NetBeansProjects/Hall_management_centre/web/ChairmanPortal/updatefa.jsp</file>
            <file>file:/home/student/NetBeansProjects/Hall_management_centre/web/WardenPortal/deletestudent.jsp</file>
            <file>file:/home/student/NetBeansProjects/Hall_management_centre/web/ChairmanPortal/solcomplaint.jsp</file>
            <file>file:/home/student/NetBeansProjects/Hall_management_centre/web/StudentPortal/RoomAllocation.jsp</file>
            <file>file:/home/student/NetBeansProjects/Hall_management_centre/web/WardenPortal/Management.jsp</file>
            <file>file:/home/student/NetBeansProjects/Hall_management_centre/web/WardenPortal/updatestatus.jsp</file>
            <file>file:/home/student/NetBeansProjects/Hall_management_centre/web/ManagerPortal/Delworker.jsp</file>
            <file>file:/home/student/NetBeansProjects/Hall_management_centre/web/WardenPortal/insertem.jsp</file>
            <file>file:/home/student/NetBeansProjects/Hall_management_centre/web/StudentPortal/makerequest.jsp</file>
            <file>file:/home/student/NetBeansProjects/Hall_management_centre/web/ManagerPortal/Printcharges.jsp</file>
            <file>file:/home/student/NetBeansProjects/Hall_management_centre/web/StudentPortal/Studentportal.jsp</file>
            <file>file:/home/student/NetBeansProjects/Hall_management_centre/src/java/Signup/chairmansignupservlet.java</file>
            <file>file:/home/student/NetBeansProjects/Hall_management_centre/web/WardenPortal/student.jsp</file>
            <file>file:/home/student/NetBeansProjects/Hall_management_centre/src/java/Studentportal/allocation.java</file>
            <file>file:/home/student/NetBeansProjects/Hall_management_centre/web/WardenPortal/giveresponse.jsp</file>
            <file>file:/home/student/NetBeansProjects/Hall_management_centre/web/StudentPortal/givecomplaint.jsp</file>
            <file>file:/home/student/NetBeansProjects/Hall_management_centre/web/StudentPortal/Requestform.jsp</file>
            <file>file:/home/student/NetBeansProjects/Hall_management_centre/web/WardenPortal/complaint.jsp</file>
            <file>file:/home/student/NetBeansProjects/Hall_management_centre/web/ManagerPortal/Managerportal.jsp</file>
            <file>file:/home/student/NetBeansProjects/Hall_management_centre/web/ManagerPortal/viewworkers.jsp</file>
            <file>file:/home/student/NetBeansProjects/Hall_management_centre/src/java/Signup/studentsignup.java</file>
            <file>file:/home/student/NetBeansProjects/Hall_management_centre/web/WardenPortal/Roomstatus.jsp</file>
            <file>file:/home/student/NetBeansProjects/Hall_management_centre/src/java/Signup/Studentsignupservlet.java</file>
            <file>file:/home/student/NetBeansProjects/Hall_management_centre/web/ManagerPortal/printcharges.jsp</file>
            <file>file:/home/student/NetBeansProjects/Hall_management_centre/web/ManagerPortal/feedback.jsp</file>
            <file>file:/home/student/NetBeansProjects/Hall_management_centre/web/WardenPortal/updateem.jsp</file>
            <file>file:/home/student/NetBeansProjects/Hall_management_centre/web/StudentPortal/sportalcss.css</file>
            <file>file:/home/student/NetBeansProjects/Hall_management_centre/web/ManagerPortal/charges.jsp</file>
            <file>file:/home/student/NetBeansProjects/Hall_management_centre/web/StudentPortal/Feedback.jsp</file>
            <file>file:/home/student/NetBeansProjects/Hall_management_centre/web/ChairmanPortal/update.jsp</file>
            <file>file:/home/student/NetBeansProjects/Hall_management_centre/web/ChairmanPortal/printdata.jsp</file>
            <file>file:/home/student/NetBeansProjects/Hall_management_centre/src/java/Signup/Wardensignupservlet.java</file>
            <file>file:/home/student/NetBeansProjects/Hall_management_centre/web/ChairmanPortal/Chairmanportal.jsp</file>
        </group>
    </open-files>
</project-private>
